{
  "command": [
    {
      "name": "paid",
      "perms": [],
      "actions": [
        {
          "name": "paidused",
          "category": "Message",
          "type": "Send Message",
          "messageActionRows": [],
          "channelname": "${dbsVars.CommandChannel.id}",
          "messagetext": "**Thank you for your purchase, <@${dbsVars.CommandAuthor.id}>!** :))<@790749764442521621> will proceed your order now! :))",
          "savetovariable": "",
          "savetovariabletype": "temp"
        },
        {
          "name": "d",
          "category": "Message",
          "type": "Send Message",
          "messageActionRows": [],
          "channelname": "986642935930040360",
          "messagetext": "channel <#${dbsVars.CommandChannel.id}> paid.",
          "savetovariable": "",
          "savetovariabletype": "temp"
        }
      ]
    },
    {
      "name": "buy",
      "actions": [
        {
          "name": "Which-payment",
          "category": "Message",
          "type": "Send Message",
          "messageActionRows": [],
          "channelname": "${dbsVars.CommandChannel.id}",
          "messagetext": "Hey! Which payment method you wished? :))\nFor Crypto - Simply Type \"!crypto\"\nFor PayPal - Simply Type \"!paypal\"\nFor Robux - Simply Type \"!robux\"",
          "savetovariable": "",
          "savetovariabletype": "temp"
        }
      ]
    },
    {
      "name": "paypal",
      "actions": [
        {
          "name": "paypalhow",
          "category": "Message",
          "type": "Send Message",
          "messageActionRows": [],
          "channelname": "${dbsVars.CommandChannel.id}",
          "messagetext": "**Alright! You can send the package price to \"kaanozsoysal@gmail.com\", after sending simply type \"!paid\" and ill proceed.. :))**",
          "savetovariable": "",
          "savetovariabletype": "temp"
        }
      ]
    },
    {
      "name": "crypto",
      "actions": [
        {
          "name": "cryptohow",
          "category": "Message",
          "type": "Send Message",
          "messageActionRows": [],
          "channelname": "${dbsVars.CommandChannel.id}",
          "messagetext": "**Alright! You can send the crypto as \"package price\" to one of these addresses,**\n`BTC - 1PNeJ3qDNqtwCLs4VvoR7pzwAKBXtqEZN6\nLTC - LUSbr7vtTpqtXHAwfA5qJxN3ZtpDfg3RvZ\nETH - 0x1be2ae085455205d3b58b1cc7c39548c946758d0`\n\n**after sending simply type \"!paid\" and ill proceed.. :)\nif you need any other crypto wallets, DM @Kaany#0001**",
          "savetovariable": "",
          "savetovariabletype": "temp"
        }
      ]
    },
    {
      "name": "robux",
      "actions": [
        {
          "name": "robuxhow",
          "category": "Message",
          "type": "Send Message",
          "messageActionRows": [],
          "channelname": "${dbsVars.CommandChannel.id}",
          "messagetext": "**Alright! @Kaany#0001 will assist you soon! :))**",
          "savetovariable": "",
          "savetovariabletype": "temp"
        },
        {
          "name": "drobux",
          "category": "Message",
          "type": "Send Message",
          "messageActionRows": [],
          "channelname": "986642935930040360",
          "messagetext": "channel <#${dbsVars.CommandChannel.id}> awaiting Robux.",
          "savetovariable": "",
          "savetovariabletype": "temp"
        }
      ]
    }
  ]
}