{
  "command": [
    {
      "name": "User Joins Server",
      "perms": [],
      "actions": [],
      "var": {
        "user": "newuser"
      }
    },
    {
      "name": "Any Message",
      "perms": [],
      "actions": [],
      "var": {}
    },
    {
      "name": "User Kicked",
      "perms": [],
      "actions": [],
      "var": {
        "user": "kickuser"
      }
    },
    {
      "name": "User Banned",
      "perms": [],
      "actions": [],
      "var": {
        "user": "banuser"
      }
    },
    {
      "name": "Bot Initialization",
      "perms": [],
      "actions": [],
      "var": {}
    },
    {
      "name": "Channel Create",
      "perms": [],
      "actions": [
        {
          "name": "w",
          "category": "Control",
          "type": "Wait",
          "messageActionRows": [],
          "waitduration": "2",
          "unit": "seconds"
        },
        {
          "name": "welcomemessage",
          "category": "Message",
          "type": "Send Message",
          "messageActionRows": [],
          "channelname": "${tempVars.createdchannel.id}",
          "messagetext": "**Hey! Which payment method you wished ?**\nYou can simply say;\n***\n!paypal - for PayPal\n!crypto- for Crypto\n!robux - for Robux\n***\nand I will proceed :)) \n**(You can simply type !paid, if you already paid before.)**",
          "savetovariable": "",
          "savetovariabletype": "temp"
        }
      ],
      "var": {
        "channel": "createdchannel"
      }
    },
    {
      "name": "Channel Delete",
      "perms": [],
      "actions": [],
      "var": {
        "channel": "deletedchannel"
      }
    },
    {
      "name": "Channel Pins Update",
      "perms": [],
      "actions": [],
      "var": {
        "channel": "updatepinschannel"
      }
    },
    {
      "name": "Channel Update",
      "perms": [],
      "actions": [],
      "var": {
        "channel": "updatechannel"
      }
    },
    {
      "name": "Emoji Create",
      "perms": [],
      "actions": [],
      "var": {
        "channel": "createdemoji"
      }
    },
    {
      "name": "Emoji Delete",
      "perms": [],
      "actions": [],
      "var": {
        "channel": "deletedemoji"
      }
    },
    {
      "name": "Emoji Update",
      "perms": [],
      "actions": [],
      "var": {
        "channel": "updatedemoji"
      }
    },
    {
      "name": "Guild Ban Remove",
      "perms": [],
      "actions": [],
      "var": {
        "channel": ""
      }
    },
    {
      "name": "Guild Create",
      "perms": [],
      "actions": [],
      "var": {
        "channel": ""
      }
    },
    {
      "name": "Guild Delete",
      "perms": [],
      "actions": [],
      "var": {
        "channel": ""
      }
    },
    {
      "name": "Guild Member Available",
      "perms": [],
      "actions": [],
      "var": {
        "channel": ""
      }
    },
    {
      "name": "Guild Member Speaking",
      "perms": [],
      "actions": [],
      "var": {
        "channel": ""
      }
    },
    {
      "name": "Guild Member Update",
      "perms": [],
      "actions": [],
      "var": {
        "channel": ""
      }
    },
    {
      "name": "Guild Unavailable",
      "perms": [],
      "actions": [],
      "var": {
        "channel": ""
      }
    },
    {
      "name": "Guild Update",
      "perms": [],
      "actions": [],
      "var": {
        "channel": ""
      }
    },
    {
      "name": "Message Delete",
      "perms": [],
      "actions": [],
      "var": {
        "channel": ""
      }
    },
    {
      "name": "Message Update",
      "perms": [],
      "actions": [],
      "var": {
        "channel": ""
      }
    },
    {
      "name": "Role Create",
      "perms": [],
      "actions": [],
      "var": {
        "channel": ""
      }
    },
    {
      "name": "Role Delete",
      "perms": [],
      "actions": [],
      "var": {
        "channel": ""
      }
    },
    {
      "name": "Role Update",
      "perms": [],
      "actions": [],
      "var": {
        "channel": ""
      }
    },
    {
      "name": "Typing Start",
      "perms": [],
      "actions": [],
      "var": {
        "channel": ""
      }
    },
    {
      "name": "User Update",
      "perms": [],
      "actions": [],
      "var": {
        "channel": ""
      }
    },
    {
      "name": "Button Interaction",
      "perms": [],
      "actions": [],
      "var": {
        "channel": ""
      }
    },
    {
      "name": "Select Interaction",
      "perms": [],
      "actions": [],
      "var": {
        "channel": ""
      }
    },
    {
      "name": "Command Interaction",
      "perms": [],
      "actions": [],
      "var": {
        "channel": ""
      }
    }
  ]
}