{
  "nodes": [
    {
      "type": "event",
      "name": "User Joins Server",
      "guid": "49ebbc23-2903-4f05-ab69-bc9ecb4f067e",
      "variables": {
        "user": "newuser"
      },
      "outputs": [
        {
          "label": "responses",
          "connections": []
        }
      ],
      "inputs": [],
      "x": 99,
      "y": 90,
      "perms": []
    },
    {
      "type": "event",
      "name": "Any Message",
      "guid": "49ebbc23-2903-4f05-ab69-bc9ecb4f8888",
      "variables": {},
      "outputs": [
        {
          "label": "responses",
          "connections": []
        }
      ],
      "inputs": [],
      "x": 101,
      "y": 401,
      "perms": []
    },
    {
      "type": "event",
      "name": "User Kicked",
      "guid": "69ebbc23-2903-4f05-ab69-bc9ecb4f067e",
      "variables": {
        "user": "kickuser"
      },
      "outputs": [
        {
          "label": "responses",
          "connections": []
        }
      ],
      "inputs": [],
      "x": 99,
      "y": 200,
      "perms": []
    },
    {
      "type": "event",
      "name": "User Banned",
      "guid": "77ebbc23-2003-4f05-ab69-bc9ecb4f067e",
      "variables": {
        "user": "banuser"
      },
      "outputs": [
        {
          "label": "responses",
          "connections": []
        }
      ],
      "inputs": [],
      "x": 100,
      "y": 300,
      "perms": []
    },
    {
      "type": "event",
      "name": "Bot Initialization",
      "guid": "0101bc23-2003-4f05-ab69-bc9ecb4f067e",
      "variables": {},
      "outputs": [
        {
          "label": "responses",
          "connections": []
        }
      ],
      "inputs": [],
      "x": 100,
      "y": 500,
      "perms": []
    },
    {
      "type": "event",
      "name": "Channel Create",
      "guid": "3333bc23-2993-4f05-ab69-bc9ecb4f067e",
      "variables": {
        "channel": "createdchannel"
      },
      "outputs": [
        {
          "label": "responses",
          "connections": [
            "320504aa-08a5-4cb5-af6f-7db25a1c1e02"
          ]
        }
      ],
      "inputs": [],
      "x": 100,
      "y": 610,
      "perms": []
    },
    {
      "type": "event",
      "name": "Channel Delete",
      "guid": "3387bc23-2993-4f05-ab69-bc9ecb49877e",
      "variables": {
        "channel": "deletedchannel"
      },
      "outputs": [
        {
          "label": "responses",
          "connections": []
        }
      ],
      "inputs": [],
      "x": 100,
      "y": 720,
      "perms": []
    },
    {
      "type": "event",
      "name": "Channel Pins Update",
      "guid": "1287bc23-2993-dudu-ab69-bc9ecb49877e",
      "variables": {
        "channel": "updatepinschannel"
      },
      "outputs": [
        {
          "label": "responses",
          "connections": []
        }
      ],
      "inputs": [],
      "x": 100,
      "y": 830,
      "perms": []
    },
    {
      "type": "event",
      "name": "Channel Update",
      "guid": "0009zzv3-2993-dudu-ab69-bc9ecb49877e",
      "variables": {
        "channel": "updatechannel"
      },
      "outputs": [
        {
          "label": "responses",
          "connections": []
        }
      ],
      "inputs": [],
      "x": 100,
      "y": 940,
      "perms": []
    },
    {
      "type": "event",
      "name": "Emoji Create",
      "guid": "0008zzv3-2993-dudu-ab69-bc9hhb49877e",
      "variables": {
        "channel": "createdemoji"
      },
      "outputs": [
        {
          "label": "responses",
          "connections": []
        }
      ],
      "inputs": [],
      "x": 100,
      "y": 1050,
      "perms": []
    },
    {
      "type": "event",
      "name": "Emoji Delete",
      "guid": "0028zzv3-2993-dudu-ab69-bc9hhb49877e",
      "variables": {
        "channel": "deletedemoji"
      },
      "outputs": [
        {
          "label": "responses",
          "connections": []
        }
      ],
      "inputs": [],
      "x": 100,
      "y": 1160,
      "perms": []
    },
    {
      "type": "event",
      "name": "Emoji Update",
      "guid": "1128zzv3-2773-dudu-ab69-bc9hhb49877e",
      "variables": {
        "channel": "updatedemoji"
      },
      "outputs": [
        {
          "label": "responses",
          "connections": []
        }
      ],
      "inputs": [],
      "x": 100,
      "y": 1270,
      "perms": []
    },
    {
      "type": "event",
      "name": "Guild Ban Remove",
      "guid": "0909zzv3-2773-dudu-ab69-bc9hhb49877e",
      "variables": {
        "channel": ""
      },
      "outputs": [
        {
          "label": "responses",
          "connections": []
        }
      ],
      "inputs": [],
      "x": 100,
      "y": 1370,
      "perms": []
    },
    {
      "type": "event",
      "name": "Guild Create",
      "guid": "0909zzv3-2773-dudu-3456-bc9hhb49877e",
      "variables": {
        "channel": ""
      },
      "outputs": [
        {
          "label": "responses",
          "connections": []
        }
      ],
      "inputs": [],
      "x": 100,
      "y": 1480,
      "perms": []
    },
    {
      "type": "event",
      "name": "Guild Delete",
      "guid": "0909zzv3-2773-dudu-ab69-bc9hhb49877e",
      "variables": {
        "channel": ""
      },
      "outputs": [
        {
          "label": "responses",
          "connections": []
        }
      ],
      "inputs": [],
      "x": 100,
      "y": 1590,
      "perms": []
    },
    {
      "type": "event",
      "name": "Guild Member Available",
      "guid": "0909zzv3-2773-dudu-ab69-bc9hh020202e",
      "variables": {
        "channel": ""
      },
      "outputs": [
        {
          "label": "responses",
          "connections": []
        }
      ],
      "inputs": [],
      "x": 100,
      "y": 1700,
      "perms": []
    },
    {
      "type": "event",
      "name": "Guild Member Speaking",
      "guid": "09uuuiv3-2773-dudu-ab69-bc9hh020202e",
      "variables": {
        "channel": ""
      },
      "outputs": [
        {
          "label": "responses",
          "connections": []
        }
      ],
      "inputs": [],
      "x": 100,
      "y": 1810,
      "perms": []
    },
    {
      "type": "event",
      "name": "Guild Member Update",
      "guid": "0yyuuiv3-2773-dudu-ab69-bc9hh020202e",
      "variables": {
        "channel": ""
      },
      "outputs": [
        {
          "label": "responses",
          "connections": []
        }
      ],
      "inputs": [],
      "x": 100,
      "y": 1920,
      "perms": []
    },
    {
      "type": "event",
      "name": "Guild Unavailable",
      "guid": "0yyuukkk-2773-dudu-ab69-bc9hh020202e",
      "variables": {
        "channel": ""
      },
      "outputs": [
        {
          "label": "responses",
          "connections": []
        }
      ],
      "inputs": [],
      "x": 100,
      "y": 2030,
      "perms": []
    },
    {
      "type": "event",
      "name": "Guild Update",
      "guid": "0yyuukkk-2773-dudu-ab69-bc9h9890202e",
      "variables": {
        "channel": ""
      },
      "outputs": [
        {
          "label": "responses",
          "connections": []
        }
      ],
      "inputs": [],
      "x": 100,
      "y": 2140,
      "perms": []
    },
    {
      "type": "event",
      "name": "Message Delete",
      "guid": "0y111112-2773-dudu-ab69-bc9h9890202e",
      "variables": {
        "channel": ""
      },
      "outputs": [
        {
          "label": "responses",
          "connections": []
        }
      ],
      "inputs": [],
      "x": 100,
      "y": 2250,
      "perms": []
    },
    {
      "type": "event",
      "name": "Message Update",
      "guid": "0y111112-2773-dudu-ab69-bc9h9333202e",
      "variables": {
        "channel": ""
      },
      "outputs": [
        {
          "label": "responses",
          "connections": []
        }
      ],
      "inputs": [],
      "x": 100,
      "y": 2360,
      "perms": []
    },
    {
      "type": "event",
      "name": "Role Create",
      "guid": "0y111112-2773-d44u-ab69-bc9h9333202e",
      "variables": {
        "channel": ""
      },
      "outputs": [
        {
          "label": "responses",
          "connections": []
        }
      ],
      "inputs": [],
      "x": 100,
      "y": 2470,
      "perms": []
    },
    {
      "type": "event",
      "name": "Role Delete",
      "guid": "0y111112-2773-d44u-ab69-b5555633202e",
      "variables": {
        "channel": ""
      },
      "outputs": [
        {
          "label": "responses",
          "connections": []
        }
      ],
      "inputs": [],
      "x": 100,
      "y": 2580,
      "perms": []
    },
    {
      "type": "event",
      "name": "Role Update",
      "guid": "0y111pg2-2773-d44u-ayu9-b5555633202e",
      "variables": {
        "channel": ""
      },
      "outputs": [
        {
          "label": "responses",
          "connections": []
        }
      ],
      "inputs": [],
      "x": 100,
      "y": 2690,
      "perms": []
    },
    {
      "type": "event",
      "name": "Typing Start",
      "guid": "0y1737g2-2773-d44u-ayu9-b5555633202e",
      "variables": {
        "channel": ""
      },
      "outputs": [
        {
          "label": "responses",
          "connections": []
        }
      ],
      "inputs": [],
      "x": 100,
      "y": 2800,
      "perms": []
    },
    {
      "type": "event",
      "name": "User Update",
      "guid": "0y1737g2-2773-d44u-ayu9-b5555tttyt2e",
      "variables": {
        "channel": ""
      },
      "outputs": [
        {
          "label": "responses",
          "connections": []
        }
      ],
      "inputs": [],
      "x": 100,
      "y": 2910,
      "perms": []
    },
    {
      "type": "event",
      "name": "Button Interaction",
      "guid": "0y1700g2-2773-d44u-ayu9-b5555886yt2e",
      "variables": {
        "channel": ""
      },
      "outputs": [
        {
          "label": "responses",
          "connections": []
        }
      ],
      "inputs": [],
      "x": 100,
      "y": 3020,
      "perms": []
    },
    {
      "type": "event",
      "name": "Select Interaction",
      "guid": "0y17qzg2-2773-pp4u-ayu9-b55q4886yt2e",
      "variables": {
        "channel": ""
      },
      "outputs": [
        {
          "label": "responses",
          "connections": []
        }
      ],
      "inputs": [],
      "x": 100,
      "y": 3130,
      "perms": []
    },
    {
      "type": "event",
      "name": "Command Interaction",
      "guid": "0y17nnm2-2773-pp4u-ayu9-b55q4886yt2e",
      "variables": {
        "channel": ""
      },
      "outputs": [
        {
          "label": "responses",
          "connections": []
        }
      ],
      "inputs": [],
      "x": 100,
      "y": 3240,
      "perms": []
    },
    {
      "type": "response",
      "name": "welcomemessage",
      "guid": "0f4d591c-971b-4a51-9fc6-dea9e7355478",
      "reactionFields": [],
      "embedfields": [],
      "outputs": [
        {
          "label": "next response",
          "connections": []
        }
      ],
      "inputs": [
        {
          "label": "trigger",
          "id": "320504aa-08a5-4cb5-af6f-7db25a1c1e02"
        }
      ],
      "x": 441,
      "y": 603,
      "rtype": "Message",
      "rsubtype": "Send Message",
      "formdata": [
        "${tempVars.createdchannel.id}",
        "**Hey! Which payment method you wished ?**\nYou can simply say;\n***\n!paypal - for PayPal\n!crypto- for Crypto\n!robux - for Robux\n***\nand I will proceed :)) \n**(You can simply type !paid, if you already paid before.)**",
        "",
        "temp"
      ],
      "formnames": [
        "channelName",
        "messageText",
        "saveToVariable",
        "saveToVariableType"
      ],
      "messageActionRows": [],
      "valueFields": []
    },
    {
      "type": "response",
      "name": "w",
      "guid": "320504aa-08a5-4cb5-af6f-7db25a1c1e02",
      "reactionFields": [],
      "embedfields": [],
      "outputs": [
        {
          "label": "next response",
          "connections": [
            "0f4d591c-971b-4a51-9fc6-dea9e7355478"
          ]
        }
      ],
      "inputs": [
        {
          "label": "trigger",
          "id": "3333bc23-2993-4f05-ab69-bc9ecb4f067e"
        }
      ],
      "x": 271,
      "y": 605,
      "rtype": "Control",
      "rsubtype": "Wait",
      "formdata": [
        "2",
        "seconds"
      ],
      "formnames": [
        "waitduration",
        "unit"
      ],
      "messageActionRows": [],
      "valueFields": []
    }
  ]
}